[
  {
    "id": "doc1",
    "name": "Dr. Kunal Nagar",
    "specialization": "Joint Pain & Body Weakness",
    "available": true
  },
  {
    "id": "doc2",
    "name": "Dr. Dhruv Patel",
    "specialization": "Skin Problems & Rashes",
    "available": true
  },
  {
    "id": "doc3",
    "name": "Dr. Prince Kumar",
    "specialization": "Cold, Cough & Allergy",
    "available": true
  },

  {
    "id": "doc7",
    "name": "Dr. Anurudh Mishra",
    "specialization": "Energy Boost & Anti-Aging",
    "available": true
  }

]
