[
    {
      "common_name": "Neem",
      "scientific_name": "Azadirachta indica",
      "benefits": "Antibacterial, antifungal, anti-inflammatory, blood purifier.",
      "diseases_used_for": "Skin infections, fever, dental problems, diabetes.",
      "how_to_use": "Apply neem paste to skin, chew neem twigs, consume neem tea.",
      "image_filename": "neem.jpg"
    },
    {
      "common_name": "Tulsi (Holy Basil)",
      "scientific_name": "Ocimum sanctum",
      "benefits": "Immunity booster, stress reducer, cough and cold relief.",
      "diseases_used_for": "Respiratory infections, fever, stress, cough.",
      "how_to_use": "Chew tulsi leaves, drink tulsi tea, inhale tulsi steam.",
      "image_filename": "tulsi.jpg"
    },
    {
      "common_name": "Aloe Vera",
      "scientific_name": "Aloe barbadensis miller",
      "benefits": "Skin healing, burns, digestion, moisturizing.",
      "diseases_used_for": "Burns, wounds, constipation, skin conditions.",
      "how_to_use": "Apply aloe vera gel to skin, consume aloe vera juice.",
      "image_filename": "aloevera.jpg"
    },
    {
      "common_name": "Turmeric",
      "scientific_name": "Curcuma longa",
      "benefits": "Anti-inflammatory, antioxidant, pain relief.",
      "diseases_used_for": "Arthritis, inflammation, wounds, digestive disorders.",
      "how_to_use": "Consume turmeric with milk, apply turmeric paste, use turmeric in cooking.",
      "image_filename": "turmeric.jpg"
    },
    {
      "common_name": "Ginger",
      "scientific_name": "Zingiber officinale",
      "benefits": "Nausea relief, digestive aid, anti-inflammatory.",
      "diseases_used_for": "Nausea, vomiting, motion sickness, arthritis.",
      "how_to_use": "Chew ginger, drink ginger tea, use ginger in cooking.",
      "image_filename": "ginger.jpg"
    },
    {
      "common_name": "Garlic",
      "scientific_name": "Allium sativum",
      "benefits": "Immunity booster, cholesterol reduction, blood pressure regulation.",
      "diseases_used_for": "High cholesterol, high blood pressure, colds, infections.",
      "how_to_use": "Consume raw garlic, use garlic in cooking.",
      "image_filename": "garlic.jpg"
    },
    {
      "common_name": "Mint",
      "scientific_name": "Mentha",
      "benefits": "Digestive aid, breath freshener, headache relief.",
      "diseases_used_for": "Indigestion, nausea, headaches, colds.",
      "how_to_use": "Chew mint leaves, drink mint tea.",
      "image_filename": "mint.jpg"
    },
    {
      "common_name": "Lemon Balm",
      "scientific_name": "Melissa officinalis",
      "benefits": "Stress reduction, sleep aid, digestive relief.",
      "diseases_used_for": "Anxiety, insomnia, indigestion.",
      "how_to_use": "Drink lemon balm tea.",
      "image_filename": "lemonbalm.jpg"
    },
    {
      "common_name": "Chamomile",
      "scientific_name": "Matricaria chamomilla",
      "benefits": "Relaxation, sleep aid, anti-inflammatory.",
      "diseases_used_for": "Insomnia, anxiety, skin irritation.",
      "how_to_use": "Drink chamomile tea.",
      "image_filename": "chamomile.jpg"
    },
    {
      "common_name": "Lavender",
      "scientific_name": "Lavandula",
      "benefits": "Relaxation, sleep aid, pain relief.",
      "diseases_used_for": "Anxiety, insomnia, headaches.",
      "how_to_use": "Use lavender essential oil, drink lavender tea.",
      "image_filename": "lavender.jpg"
    },
    {
      "common_name": "Rosemary",
      "scientific_name": "Rosmarinus officinalis",
      "benefits": "Memory improvement, hair growth, pain relief.",
      "diseases_used_for": "Headaches, muscle pain, hair loss.",
      "how_to_use": "Use rosemary essential oil, use rosemary in cooking.",
      "image_filename": "rosemary.jpg"
    },
    {
      "common_name": "Thyme",
      "scientific_name": "Thymus vulgaris",
      "benefits": "Cough relief, antiseptic, antioxidant.",
      "diseases_used_for": "Coughs, colds, infections.",
      "how_to_use": "Drink thyme tea, use thyme in cooking.",
      "image_filename": "thyme.jpg"
    },
    {
      "common_name": "Oregano",
      "scientific_name": "Origanum vulgare",
      "benefits": "Antioxidant, antibacterial, antifungal.",
      "diseases_used_for": "Infections, colds, flu.",
      "how_to_use": "Use oregano oil, use oregano in cooking.",
      "image_filename": "oregano.jpg"
    },
    {
      "common_name": "Dandelion",
      "scientific_name": "Taraxacum officinale",
      "benefits": "Diuretic, liver support, digestive aid.",
      "diseases_used_for": "Fluid retention, liver problems, constipation.",
      "how_to_use": "Drink dandelion tea, eat dandelion greens.",
      "image_filename": "dandelion.jpg"
    },
    {
      "common_name": "Peppermint",
      "scientific_name": "Mentha piperita",
      "benefits": "Digestive aid, headache relief, breath freshener.",
      "diseases_used_for": "Indigestion, headaches, nausea.",
      "how_to_use": "Drink peppermint tea, use peppermint oil.",
      "image_filename": "peppermint.jpg"
    },
    {
      "common_name": "Calendula",
      "scientific_name": "Calendula officinalis",
      "benefits": "Skin healing, anti-inflammatory, antiseptic.",
      "diseases_used_for": "Wounds, burns, skin irritation.",
      "how_to_use": "Apply calendula cream, use calendula in ointments.",
      "image_filename": "calendula.jpg"
    },
    {
      "common_name": "Elderberry",
      "scientific_name": "Sambucus nigra",
      "benefits": "Immunity booster, cold and flu relief.",
      "diseases_used_for": "Colds, flu, infections.",
      "how_to_use": "Drink elderberry syrup, consume elderberry extract.",
      "image_filename": "elderberry.jpg"
    },
    {
      "common_name": "Eucalyptus",
      "scientific_name": "Eucalyptus globulus",
      "benefits": "Respiratory relief, antiseptic, pain relief.",
      "diseases_used_for": "Coughs, colds, muscle aches.",
      "how_to_use": "Inhale eucalyptus oil, use eucalyptus in balms.",
      "image_filename": "eucalyptus.jpg"
    },
    {
      "common_name": "Fenugreek",
      "scientific_name": "Trigonella foenum-graecum",
      "benefits": "Digestive aid, lactation support, cholesterol reduction.",
      "diseases_used_for": "Digestive problems, low milk supply, high cholesterol.",
      "how_to_use": "Consume fenugreek seeds, drink fenugreek tea.",
      "image_filename": "fenugreek.jpg"
    },
    {
      "common_name": "Ashwagandha",
      "scientific_name": "Withania somnifera",
      "benefits": "Stress reduction, energy boost, immune support.",
      "diseases_used_for": "Anxiety, fatigue, low immunity.",
      "how_to_use": "Consume ashwagandha powder with milk, take ashwagandha supplements.",
      "image_filename": "ashwagandha.jpg"
    },
    {
      "common_name": "Triphala",
      "scientific_name": "Triphala",
      "benefits": "Digestive health, detoxification, antioxidant.",
      "diseases_used_for": "Constipation, digestive disorders, detoxification.",
      "how_to_use": "Mix 1 teaspoon of Triphala powder in warm water and drink before bedtime.",
      "image_filename": "triphala.jpg"
    },
      
        { "common_name": "Neem", "scientific_name": "Azadirachta indica", "benefits": "Antibacterial, antifungal, anti-inflammatory.", "diseases_used_for": "Skin infections, fever.", "how_to_use": "Apply paste, chew twigs.", "image_filename": "neem.jpg" },
        { "common_name": "Tulsi", "scientific_name": "Ocimum sanctum", "benefits": "Immunity, stress reduction.", "diseases_used_for": "Cough, cold.", "how_to_use": "Chew leaves, drink tea.", "image_filename": "tulsi.jpg" },
        { "common_name": "Aloe Vera", "scientific_name": "Aloe barbadensis miller", "benefits": "Skin healing, burns, digestion.", "diseases_used_for": "Burns, wounds.", "how_to_use": "Apply gel, consume juice.", "image_filename": "aloevera.jpg" },
        { "common_name": "Turmeric", "scientific_name": "Curcuma longa", "benefits": "Anti-inflammatory, antioxidant.", "diseases_used_for": "Arthritis, inflammation.", "how_to_use": "Consume with milk, apply paste.", "image_filename": "turmeric.jpg" },
        { "common_name": "Ginger", "scientific_name": "Zingiber officinale", "benefits": "Nausea relief, digestion.", "diseases_used_for": "Nausea, vomiting.", "how_to_use": "Chew, drink tea.", "image_filename": "ginger.jpg" },
        { "common_name": "Garlic", "scientific_name": "Allium sativum", "benefits": "Immunity, cholesterol reduction.", "diseases_used_for": "High cholesterol, colds.", "how_to_use": "Consume raw, use in cooking.", "image_filename": "garlic.jpg" },
        { "common_name": "Mint", "scientific_name": "Mentha", "benefits": "Digestion, breath freshener.", "diseases_used_for": "Indigestion, headaches.", "how_to_use": "Chew leaves, drink tea.", "image_filename": "mint.jpg" },
        { "common_name": "Lemon Balm", "scientific_name": "Melissa officinalis", "benefits": "Stress reduction, sleep aid.", "diseases_used_for": "Anxiety, insomnia.", "how_to_use": "Drink tea.", "image_filename": "lemonbalm.jpg" },
        { "common_name": "Chamomile", "scientific_name": "Matricaria chamomilla", "benefits": "Relaxation, sleep aid.", "diseases_used_for": "Insomnia, anxiety.", "how_to_use": "Drink tea.", "image_filename": "chamomile.jpg" },
        { "common_name": "Lavender", "scientific_name": "Lavandula", "benefits": "Relaxation, pain relief.", "diseases_used_for": "Anxiety, headaches.", "how_to_use": "Use oil, drink tea.", "image_filename": "lavender.jpg" },
        { "common_name": "Rosemary", "scientific_name": "Rosmarinus officinalis", "benefits": "Memory, hair growth.", "diseases_used_for": "Headaches, hair loss.", "how_to_use": "Use oil, cook.", "image_filename": "rosemary.jpg" },
        { "common_name": "Thyme", "scientific_name": "Thymus vulgaris", "benefits": "Cough relief, antiseptic.", "diseases_used_for": "Coughs, colds.", "how_to_use": "Drink tea, cook.", "image_filename": "thyme.jpg" },
        { "common_name": "Oregano", "scientific_name": "Origanum vulgare", "benefits": "Antioxidant, antibacterial.", "diseases_used_for": "Infections, colds.", "how_to_use": "Use oil, cook.", "image_filename": "oregano.jpg" },
        { "common_name": "Dandelion", "scientific_name": "Taraxacum officinale", "benefits": "Diuretic, liver support.", "diseases_used_for": "Fluid retention, liver problems.", "how_to_use": "Drink tea, eat greens.", "image_filename": "dandelion.jpg" },
        { "common_name": "Peppermint", "scientific_name": "Mentha piperita", "benefits": "Digestion, headache relief.", "diseases_used_for": "Indigestion, headaches.", "how_to_use": "Drink tea, use oil.", "image_filename": "peppermint.jpg" },
        { "common_name": "Calendula", "scientific_name": "Calendula officinalis", "benefits": "Skin healing, anti-inflammatory.", "diseases_used_for": "Wounds, burns.", "how_to_use": "Apply cream.", "image_filename": "calendula.jpg" },
        { "common_name": "Elderberry", "scientific_name": "Sambucus nigra", "benefits": "Immunity, cold relief.", "diseases_used_for": "Colds, flu.", "how_to_use": "Drink syrup.", "image_filename": "elderberry.jpg" },
        { "common_name": "Eucalyptus", "scientific_name": "Eucalyptus globulus", "benefits": "Respiratory relief, antiseptic.", "diseases_used_for": "Coughs, colds.", "how_to_use": "Inhale oil.", "image_filename": "eucalyptus.jpg" },
        { "common_name": "Fenugreek", "scientific_name": "Trigonella foenum-graecum", "benefits": "Digestion, lactation.", "diseases_used_for": "Digestive issues.", "how_to_use": "Consume seeds.", "image_filename": "fenugreek.jpg" },
        { "common_name": "Ashwagandha", "scientific_name": "Withania somnifera", "benefits": "Stress reduction, energy boost.", "diseases_used_for": "Anxiety, fatigue.", "how_to_use": "Consume powder.", "image_filename": "ashwagandha.jpg" },
        { "common_name": "Triphala", "scientific_name": "Triphala", "benefits": "Digestive health, detoxification.", "diseases_used_for": "Constipation.", "how_to_use": "Consume powder.", "image_filename": "triphala.jpg" },
        { "common_name": "Slippery Elm", "scientific_name": "Ulmus rubra", "benefits": "Sore throat relief, digestion.", "diseases_used_for": "Coughs, sore throat.", "how_to_use": "Consume powder.", "image_filename": "slipperyelm.jpg" },
        { "common_name": "Echinacea", "scientific_name": "Echinacea purpurea", "benefits": "Immune support, cold relief.", "diseases_used_for": "Colds, flu.", "how_to_use": "Take extract.", "image_filename": "echinacea.jpg" },
        { "common_name": "Milk Thistle", "scientific_name": "Silybum marianum", "benefits": "Liver support, detoxification.", "diseases_used_for": "Liver problems.", "how_to_use": "Take extract.", "image_filename": "milkthistle.jpg" },
        { "common_name": "St. John's Wort", "scientific_name": "Hypericum perforatum", "benefits": "Mood improvement, nerve pain.", "diseases_used_for": "Depression, nerve pain.", "how_to_use": "Take extract.", "image_filename": "stjohnswort.jpg" },
        { "common_name": "Ginkgo Biloba", "scientific_name": "Ginkgo biloba", "benefits": "Memory improvement, circulation.", "diseases_used_for": "Memory problems.", "how_to_use": "Take extract.", "image_filename": "ginkgobiloba.jpg" }
    ,  {
        "common_name": "Cinnamon",
        "scientific_name": "Cinnamomum verum",
        "benefits": "Blood sugar regulation, antioxidant, anti-inflammatory.",
        "diseases_used_for": "Diabetes, high cholesterol, inflammation.",
        "how_to_use": "Add to food, drink cinnamon tea.",
        "image_filename": "cinnamon.jpg"
      },
      {
        "common_name": "Coriander",
        "scientific_name": "Coriandrum sativum",
        "benefits": "Digestive aid, cholesterol reduction, anti-inflammatory.",
        "diseases_used_for": "Indigestion, high cholesterol, arthritis.",
        "how_to_use": "Use seeds or leaves in cooking, drink coriander tea.",
        "image_filename": "coriander.jpg"
      },
      {
        "common_name": "Fennel",
        "scientific_name": "Foeniculum vulgare",
        "benefits": "Digestive aid, breath freshener, menstrual cramp relief.",
        "diseases_used_for": "Indigestion, bloating, menstrual cramps.",
        "how_to_use": "Chew seeds, drink fennel tea.",
        "image_filename": "fennel.jpg"
      },
      {
        "common_name": "Cardamom",
        "scientific_name": "Elettaria cardamomum",
        "benefits": "Digestive aid, breath freshener, blood pressure regulation.",
        "diseases_used_for": "Indigestion, bad breath, high blood pressure.",
        "how_to_use": "Chew pods, add to food, drink cardamom tea.",
        "image_filename": "cardamom.jpg"
      },
      {
        "common_name": "Clove",
        "scientific_name": "Syzygium aromaticum",
        "benefits": "Pain relief, antiseptic, dental health.",
        "diseases_used_for": "Toothache, infections, digestive issues.",
        "how_to_use": "Apply clove oil, use cloves in cooking.",
        "image_filename": "clove.jpg"
      },
      {
        "common_name": "Anise",
        "scientific_name": "Pimpinella anisum",
        "benefits": "Digestive aid, cough relief, lactation support.",
        "diseases_used_for": "Indigestion, coughs, low milk supply.",
        "how_to_use": "Chew seeds, drink anise tea.",
        "image_filename": "anise.jpg"
      },
      {
        "common_name": "Hibiscus",
        "scientific_name": "Hibiscus sabdariffa",
        "benefits": "Blood pressure reduction, cholesterol reduction, antioxidant.",
        "diseases_used_for": "High blood pressure, high cholesterol, inflammation.",
        "how_to_use": "Drink hibiscus tea.",
        "image_filename": "hibiscus.jpg"
      },
      {
        "common_name": "Horsetail",
        "scientific_name": "Equisetum arvense",
        "benefits": "Bone health, hair growth, wound healing.",
        "diseases_used_for": "Osteoporosis, hair loss, wounds.",
        "how_to_use": "Drink horsetail tea, apply horsetail extract.",
        "image_filename": "horsetail.jpg"
      },
      {
        "common_name": "Nettle",
        "scientific_name": "Urtica dioica",
        "benefits": "Allergy relief, anti-inflammatory, diuretic.",
        "diseases_used_for": "Allergies, arthritis, urinary tract infections.",
        "how_to_use": "Drink nettle tea, consume cooked nettle leaves.",
        "image_filename": "nettle.jpg"
      },
      {
        "common_name": "Plantain",
        "scientific_name": "Plantago major",
        "benefits": "Wound healing, anti-inflammatory, cough relief.",
        "diseases_used_for": "Wounds, skin irritation, coughs.",
        "how_to_use": "Apply plantain poultice, drink plantain tea.",
        "image_filename": "plantain.jpg"
      },{
        "common_name": "Bilberry",
        "scientific_name": "Vaccinium myrtillus",
        "benefits": "Vision improvement, antioxidant, circulation enhancement.",
        "diseases_used_for": "Eye strain, macular degeneration, varicose veins.",
        "how_to_use": "Consume berries, take bilberry extract.",
        "image_filename": "bilberry.jpg"
      },
      {
        "common_name": "Hawthorn",
        "scientific_name": "Crataegus monogyna",
        "benefits": "Heart health, blood pressure regulation, anxiety reduction.",
        "diseases_used_for": "Heart disease, hypertension, anxiety.",
        "how_to_use": "Drink hawthorn tea, take hawthorn extract.",
        "image_filename": "hawthorn.jpg"
      },
      {
        "common_name": "Kava",
        "scientific_name": "Piper methysticum",
        "benefits": "Anxiety relief, stress reduction, sleep improvement.",
        "diseases_used_for": "Anxiety disorders, insomnia, stress.",
        "how_to_use": "Drink kava tea, take kava extract.",
        "image_filename": "kava.jpg"
      },
      {
        "common_name": "Licorice Root",
        "scientific_name": "Glycyrrhiza glabra",
        "benefits": "Digestive health, cough relief, adrenal support.",
        "diseases_used_for": "Stomach ulcers, coughs, adrenal fatigue.",
        "how_to_use": "Drink licorice tea, take licorice extract.",
        "image_filename": "licoriceroot.jpg"
      },
      {
        "common_name": "Marshmallow Root",
        "scientific_name": "Althaea officinalis",
        "benefits": "Sore throat relief, digestive health, skin soothing.",
        "diseases_used_for": "Coughs, sore throats, gastritis, eczema.",
        "how_to_use": "Drink marshmallow root tea, apply marshmallow root poultice.",
        "image_filename": "marshmallowroot.jpg"
      },
      {
        "common_name": "Saw Palmetto",
        "scientific_name": "Serenoa repens",
        "benefits": "Prostate health, hair loss prevention, urinary function improvement.",
        "diseases_used_for": "Benign prostatic hyperplasia (BPH), male pattern baldness.",
        "how_to_use": "Take saw palmetto extract.",
        "image_filename": "sawpalmetto.jpg"
      },
      {
        "common_name": "Skullcap",
        "scientific_name": "Scutellaria lateriflora",
        "benefits": "Anxiety relief, sleep improvement, nerve relaxation.",
        "diseases_used_for": "Anxiety, insomnia, nervous tension.",
        "how_to_use": "Drink skullcap tea, take skullcap extract.",
        "image_filename": "skullcap.jpg"
      },
      {
        "common_name": "Yarrow",
        "scientific_name": "Achillea millefolium",
        "benefits": "Wound healing, fever reduction, digestive aid.",
        "diseases_used_for": "Wounds, fevers, digestive disorders.",
        "how_to_use": "Apply yarrow poultice, drink yarrow tea.",
        "image_filename": "yarrow.jpg"
      },
      {
        "common_name": "Goldenseal",
        "scientific_name": "Hydrastis canadensis",
        "benefits": "Antimicrobial, immune support, mucous membrane health.",
        "diseases_used_for": "Infections, colds, flu, inflammation of mucous membranes.",
        "how_to_use": "Take goldenseal extract, use as a mouthwash.",
        "image_filename": "goldenseal.jpg"
      },
      {
        "common_name": "Cat's Claw",
        "scientific_name": "Uncaria tomentosa",
        "benefits": "Immune support, anti-inflammatory, arthritis relief.",
        "diseases_used_for": "Arthritis, immune deficiency, inflammatory conditions.",
        "how_to_use": "Take cat's claw extract, drink cat's claw tea.",
        "image_filename": "catsclaw.jpg"
      },
      {
        "common_name": "Bay Leaf",
        "scientific_name": "Laurus nobilis",
        "benefits": "Digestive aid, anti-inflammatory, respiratory relief.",
        "diseases_used_for": "Indigestion, arthritis, coughs.",
        "how_to_use": "Add to cooking, drink bay leaf tea.",
        "image_filename": "bayleaf.jpg"
      },
      {
        "common_name": "Black Cohosh",
        "scientific_name": "Actaea racemosa",
        "benefits": "Menopausal symptom relief, pain reduction, mood improvement.",
        "diseases_used_for": "Menopause symptoms, menstrual cramps, arthritis.",
        "how_to_use": "Take black cohosh extract.",
        "image_filename": "blackcohosh.jpg"
      },
      {
        "common_name": "Burdock Root",
        "scientific_name": "Arctium lappa",
        "benefits": "Blood purification, skin health, diuretic.",
        "diseases_used_for": "Eczema, acne, urinary tract infections.",
        "how_to_use": "Consume burdock root, drink burdock root tea.",
        "image_filename": "burdockroot.jpg"
      },
      {
        "common_name": "Feverfew",
        "scientific_name": "Tanacetum parthenium",
        "benefits": "Migraine relief, fever reduction, anti-inflammatory.",
        "diseases_used_for": "Migraines, headaches, arthritis.",
        "how_to_use": "Consume feverfew leaves, take feverfew extract.",
        "image_filename": "feverfew.jpg"
      },
      {
        "common_name": "Horehound",
        "scientific_name": "Marrubium vulgare",
        "benefits": "Cough relief, digestive aid, respiratory health.",
        "diseases_used_for": "Coughs, bronchitis, indigestion.",
        "how_to_use": "Drink horehound tea, consume horehound lozenges.",
        "image_filename": "horehound.jpg"
      },
      {
        "common_name": "Juniper Berry",
        "scientific_name": "Juniperus communis",
        "benefits": "Diuretic, urinary tract health, digestive aid.",
        "diseases_used_for": "Urinary tract infections, kidney stones, indigestion.",
        "how_to_use": "Consume juniper berries, drink juniper berry tea.",
        "image_filename": "juniperberry.jpg"
      },
      {
        "common_name": "Psyllium Husk",
        "scientific_name": "Plantago ovata",
        "benefits": "Constipation relief, cholesterol reduction, blood sugar regulation.",
        "diseases_used_for": "Constipation, high cholesterol, diabetes.",
        "how_to_use": "Consume psyllium husk with water.",
        "image_filename": "psylliumhusk.jpg"
      },
      {
        "common_name": "Red Clover",
        "scientific_name": "Trifolium pratense",
        "benefits": "Menopausal symptom relief, bone health, cough relief.",
        "diseases_used_for": "Menopause symptoms, osteoporosis, coughs.",
        "how_to_use": "Drink red clover tea, take red clover extract.",
        "image_filename": "redclover.jpg"
      },
      {
        "common_name": "Sarsaparilla",
        "scientific_name": "Smilax regelii",
        "benefits": "Skin health, anti-inflammatory, detoxification.",
        "diseases_used_for": "Eczema, psoriasis, arthritis.",
        "how_to_use": "Drink sarsaparilla tea, take sarsaparilla extract.",
        "image_filename": "sarsaparilla.jpg"
      },
      {
        "common_name": "Wild Cherry Bark",
        "scientific_name": "Prunus serotina",
        "benefits": "Cough relief, sedative, digestive aid.",
        "diseases_used_for": "Coughs, bronchitis, indigestion.",
        "how_to_use": "Drink wild cherry bark tea, take wild cherry bark extract.",
        "image_filename": "wildcherrybark.jpg"
      },
      {
        "common_name": "Angelica",
        "scientific_name": "Angelica archangelica",
        "benefits": "Digestive aid, respiratory health, anxiety relief.",
        "diseases_used_for": "Indigestion, coughs, anxiety.",
        "how_to_use": "Drink angelica tea, consume angelica root.",
        "image_filename": "angelica.jpg"
      },
      {
        "common_name": "Cleavers",
        "scientific_name": "Galium aparine",
        "benefits": "Lymphatic support, diuretic, skin health.",
        "diseases_used_for": "Lymphatic congestion, urinary tract infections, eczema.",
        "how_to_use": "Drink cleavers tea, apply cleavers poultice.",
        "image_filename": "cleavers.jpg"
      },
      {
        "common_name": "Comfrey",
        "scientific_name": "Symphytum officinale",
        "benefits": "Wound healing, bone repair, anti-inflammatory.",
        "diseases_used_for": "Fractures, sprains, skin injuries.",
        "how_to_use": "Apply comfrey poultice, use comfrey ointment.",
        "image_filename": "comfrey.jpg"
      },
      {
        "common_name": "Eyebright",
        "scientific_name": "Euphrasia officinalis",
        "benefits": "Eye health, allergy relief, inflammation reduction.",
        "diseases_used_for": "Conjunctivitis, allergies, eye strain.",
        "how_to_use": "Drink eyebright tea, use eyebright eye drops.",
        "image_filename": "eyebright.jpg"
      },
      {
        "common_name": "Gotu Kola",
        "scientific_name": "Centella asiatica",
        "benefits": "Memory improvement, wound healing, anxiety reduction.",
        "diseases_used_for": "Cognitive decline, scars, anxiety disorders.",
        "how_to_use": "Consume gotu kola leaves, take gotu kola extract.",
        "image_filename": "gotukola.jpg"
      },
      {
        "common_name": "Hyssop",
        "scientific_name": "Hyssopus officinalis",
        "benefits": "Respiratory health, cough relief, digestive aid.",
        "diseases_used_for": "Bronchitis, coughs, indigestion.",
        "how_to_use": "Drink hyssop tea, use hyssop in cooking.",
        "image_filename": "hyssop.jpg"
      },
      {
        "common_name": "Mullein",
        "scientific_name": "Verbascum thapsus",
        "benefits": "Respiratory health, cough relief, earache relief.",
        "diseases_used_for": "Bronchitis, coughs, ear infections.",
        "how_to_use": "Drink mullein tea, use mullein oil.",
        "image_filename": "mullein.jpg"
      },
      {
        "common_name": "Plantain (Ribwort)",
        "scientific_name": "Plantago lanceolata",
        "benefits": "Wound healing, cough relief, anti-inflammatory.",
        "diseases_used_for": "Wounds, coughs, skin irritations.",
        "how_to_use": "Apply plantain poultice, drink plantain tea.",
        "image_filename": "ribwortplantain.jpg"
      },
      {
        "common_name": "Shepherd's Purse",
        "scientific_name": "Capsella bursa-pastoris",
        "benefits": "Bleeding control, wound healing, menstrual regulation.",
        "diseases_used_for": "Heavy menstrual bleeding, wounds, nosebleeds.",
        "how_to_use": "Drink shepherd's purse tea, apply shepherd's purse poultice.",
        "image_filename": "shepherdspurse.jpg"
      },
      {
        "common_name": "Willow Bark",
        "scientific_name": "Salix alba",
        "benefits": "Pain relief, fever reduction, anti-inflammatory.",
        "diseases_used_for": "Headaches, arthritis, fevers.",
        "how_to_use": "Drink willow bark tea, take willow bark extract.",
        "image_filename": "willowbark.jpg"
      },
      {
        "common_name": "Agrimony",
        "scientific_name": "Agrimonia eupatoria",
        "benefits": "Digestive aid, wound healing, throat soothing.",
        "diseases_used_for": "Diarrhea, wounds, sore throat.",
        "how_to_use": "Drink agrimony tea, apply agrimony poultice.",
        "image_filename": "agrimony.jpg"
      },
      {
        "common_name": "Bearberry",
        "scientific_name": "Arctostaphylos uva-ursi",
        "benefits": "Urinary tract health, antiseptic, diuretic.",
        "diseases_used_for": "Urinary tract infections, cystitis.",
        "how_to_use": "Drink bearberry tea, take bearberry extract.",
        "image_filename": "bearberry.jpg"
      },
      {
        "common_name": "Chickweed",
        "scientific_name": "Stellaria media",
        "benefits": "Skin soothing, digestive aid, inflammation reduction.",
        "diseases_used_for": "Eczema, constipation, skin irritation.",
        "how_to_use": "Apply chickweed poultice, consume chickweed leaves.",
        "image_filename": "chickweed.jpg"
      },

      {
        "common_name": "Elecampane",
        "scientific_name": "Inula helenium",
        "benefits": "Respiratory health, cough relief, digestive aid.",
        "diseases_used_for": "Bronchitis, coughs, indigestion.",
        "how_to_use": "Drink elecampane tea, take elecampane extract.",
        "image_filename": "elecampane.jpg"
      },
      {
        "common_name": "Knotgrass",
        "scientific_name": "Polygonum aviculare",
        "benefits": "Urinary tract health, wound healing, diarrhea relief.",
        "diseases_used_for": "Urinary tract infections, wounds, diarrhea.",
        "how_to_use": "Drink knotgrass tea, apply knotgrass poultice.",
        "image_filename": "knotgrass.jpg"
      },
      {
        "common_name": "Lady's Mantle",
        "scientific_name": "Alchemilla vulgaris",
        "benefits": "Menstrual regulation, wound healing, digestive aid.",
        "diseases_used_for": "Heavy menstrual bleeding, wounds, diarrhea.",
        "how_to_use": "Drink lady's mantle tea, apply lady's mantle poultice.",
        "image_filename": "ladysmantle.jpg"
      },
      {
        "common_name": "Rue",
        "scientific_name": "Ruta graveolens",
        "benefits": "Digestive aid, menstrual regulation, pain relief.",
        "diseases_used_for": "Indigestion, menstrual cramps, pain.",
        "how_to_use": "Drink rue tea, use rue in small amounts in cooking.",
        "image_filename": "rue.jpg"
      },
      {
        "common_name": "Self-Heal",
        "scientific_name": "Prunella vulgaris",
        "benefits": "Wound healing, sore throat relief, inflammation reduction.",
        "diseases_used_for": "Wounds, sore throats, inflammation.",
        "how_to_use": "Apply self-heal poultice, drink self-heal tea.",
        "image_filename": "selfheal.jpg"
      },
      {
        "common_name": "Wood Betony",
        "scientific_name": "Stachys officinalis",
        "benefits": "Headache relief, anxiety reduction, digestive aid.",
        "diseases_used_for": "Headaches, anxiety, indigestion.",
        "how_to_use": "Drink wood betony tea, take wood betony extract.",
        "image_filename": "woodbetony.jpg"
      },
      {
        "common_name": "Alfalfa",
        "scientific_name": "Medicago sativa",
        "benefits": "Cholesterol reduction, vitamin and mineral source, digestive aid.",
        "diseases_used_for": "High cholesterol, vitamin deficiencies, indigestion.",
        "how_to_use": "Consume alfalfa sprouts, take alfalfa supplements.",
        "image_filename": "alfalfa.jpg"
      },
      {
        "common_name": "Barberry",
        "scientific_name": "Berberis vulgaris",
        "benefits": "Liver health, digestive aid, skin health.",
        "diseases_used_for": "Liver disorders, indigestion, eczema.",
        "how_to_use": "Drink barberry tea, take barberry extract.",
        "image_filename": "barberry.jpg"
      },
      {
        "common_name": "Clematis",
        "scientific_name": "Clematis vitalba",
        "benefits": "Skin health, nerve pain relief, joint pain relief.",
        "diseases_used_for": "Eczema, neuralgia, arthritis.",
        "how_to_use": "Apply clematis poultice, take clematis extract (with caution).",
        "image_filename": "clematis.jpg"
      },
      {
        "common_name": "Damiana",
        "scientific_name": "Turnera diffusa",
        "benefits": "Aphrodisiac, anxiety relief, mood improvement.",
        "diseases_used_for": "Low libido, anxiety, depression.",
        "how_to_use": "Drink damiana tea, take damiana extract.",
        "image_filename": "damiana.jpg"
      },
      {
        "common_name": "Evening Primrose",
        "scientific_name": "Oenothera biennis",
        "benefits": "Hormonal balance, skin health, nerve pain relief.",
        "diseases_used_for": "PMS, eczema, nerve pain.",
        "how_to_use": "Take evening primrose oil.",
        "image_filename": "eveningprimrose.jpg"
      },
      {
        "common_name": "Kelp",
        "scientific_name": "Laminaria digitata",
        "benefits": "Thyroid support, mineral source, weight management.",
        "diseases_used_for": "Hypothyroidism, mineral deficiencies, obesity.",
        "how_to_use": "Consume kelp powder, take kelp supplements.",
        "image_filename": "kelp.jpg"
      },
      {
        "common_name": "Lungwort",
        "scientific_name": "Pulmonaria officinalis",
        "benefits": "Respiratory health, cough relief, inflammation reduction.",
        "diseases_used_for": "Bronchitis, coughs, asthma.",
        "how_to_use": "Drink lungwort tea, take lungwort extract.",
        "image_filename": "lungwort.jpg"
      },
      {
        "common_name": "Parsley",
        "scientific_name": "Petroselinum crispum",
        "benefits": "Diuretic, kidney health, vitamin C source.",
        "diseases_used_for": "Urinary tract infections, kidney stones, vitamin C deficiency.",
        "how_to_use": "Use parsley in cooking, drink parsley tea.",
        "image_filename": "parsley.jpg"
      },
      {
        "common_name": "Spearmint",
        "scientific_name": "Mentha spicata",
        "benefits": "Digestive aid, hormone regulation, breath freshener.",
        "diseases_used_for": "Indigestion, hirsutism, bad breath.",
        "how_to_use": "Drink spearmint tea, use spearmint in cooking.",
        "image_filename": "spearmint.jpg"
      },
      {
        "common_name": "Uva Ursi",
        "scientific_name": "Arctostaphylos uva-ursi",
        "benefits": "Urinary tract health, antiseptic, diuretic.",
        "diseases_used_for": "Urinary tract infections, cystitis.",
        "how_to_use": "Drink uva ursi tea, take uva ursi extract.",
        "image_filename": "uvaursi.jpg"
      },
      {
        "common_name": "Anemone",
        "scientific_name": "Pulsatilla vulgaris",
        "benefits": "Nerve pain relief, anxiety reduction, sleep improvement.",
        "diseases_used_for": "Neuralgia, anxiety, insomnia.",
        "how_to_use": "Take anemone extract (with caution, under professional guidance).",
        "image_filename": "anemone.jpg"
      },
      {
        "common_name": "Black Walnut",
        "scientific_name": "Juglans nigra",
        "benefits": "Antifungal, antiparasitic, skin health.",
        "diseases_used_for": "Fungal infections, parasitic infections, eczema.",
        "how_to_use": "Take black walnut extract, apply black walnut ointment.",
        "image_filename": "blackwalnut.jpg"
      },
      {
        "common_name": "Catnip",
        "scientific_name": "Nepeta cataria",
        "benefits": "Relaxation, sleep improvement, digestive aid.",
        "diseases_used_for": "Insomnia, anxiety, indigestion.",
        "how_to_use": "Drink catnip tea, take catnip extract.",
        "image_filename": "catnip.jpg"
      },
      {
        "common_name": "Dulse",
        "scientific_name": "Palmaria palmata",
        "benefits": "Mineral source, thyroid support, antioxidant.",
        "diseases_used_for": "Mineral deficiencies, hypothyroidism, oxidative stress.",
        "how_to_use": "Consume dulse flakes, take dulse supplements.",
        "image_filename": "dulse.jpg"
      },
      {
        "common_name": "Foxglove",
        "scientific_name": "Digitalis purpurea",
        "benefits": "Heart health (used to produce digitalis, a cardiac medication).",
        "diseases_used_for": "Heart failure (used under strict medical supervision).",
        "how_to_use": "Do NOT use without strict medical supervision. Used to make digitalis.",
        "image_filename": "foxglove.jpg"
      },
      {
        "common_name": "Knotweed",
        "scientific_name": "Polygonum cuspidatum",
        "benefits": "Antioxidant, anti-inflammatory, cardiovascular health.",
        "diseases_used_for": "Oxidative stress, inflammation, cardiovascular disease.",
        "how_to_use": "Take knotweed extract.",
        "image_filename": "knotweed.jpg"
      },
      {
        "common_name": "Linden",
        "scientific_name": "Tilia cordata",
        "benefits": "Relaxation, blood pressure reduction, fever reduction.",
        "diseases_used_for": "Anxiety, hypertension, fevers.",
        "how_to_use": "Drink linden tea, take linden extract.",
        "image_filename": "linden.jpg"
      },
      {
        "common_name": "Purslane",
        "scientific_name": "Portulaca oleracea",
        "benefits": "Omega-3 fatty acid source, antioxidant, vitamin source.",
        "diseases_used_for": "Nutrient deficiencies, oxidative stress.",
        "how_to_use": "Consume purslane leaves, add to salads.",
        "image_filename": "purslane.jpg"
      },
      {
        "common_name": "Solomon's Seal",
        "scientific_name": "Polygonatum biflorum",
        "benefits": "Joint health, inflammation reduction, respiratory health.",
        "diseases_used_for": "Arthritis, inflammation, bronchitis.",
        "how_to_use": "Take Solomon's seal extract, consume Solomon's seal root (cooked).",
        "image_filename": "solomonsseal.jpg"
      },
      {
        "common_name": "Witch Hazel",
        "scientific_name": "Hamamelis virginiana",
        "benefits": "Skin irritation relief, wound healing, inflammation reduction.",
        "diseases_used_for": "Hemorrhoids, bruises, skin irritations.",
        "how_to_use": "Apply witch hazel extract, use witch hazel compresses.",
        "image_filename": "witchhazel.jpg"
      }
    ]