{
  "project_info": {
    "project_number": "357074791835",
    "project_id": "vanaspati-ed503",
    "storage_bucket": "vanaspati-ed503.firebasestorage.app"
  },
  "client": [
    {
      "client_info": {
        "mobilesdk_app_id": "1:357074791835:android:2d9c5c9c298dd59ce0853e",
        "android_client_info": {
          "package_name": "com.example.vanaspati"
        }
      },
      "oauth_client": [],
      "api_key": [
        {
          "current_key": "AIzaSyCv4WXR6JSu4Icn0hgBSQBkpQm8Jsxg_GA"
        }
      ],
      "services": {
        "appinvite_service": {
          "other_platform_oauth_client": []
        }
      }
    }
  ],
  "configuration_version": "1"
}